title,speaker,date,startTime,endTime,categories,img,summary
タイトル1,○○会社<br>山田 太郎,20,11:00,12:00,environment/business,https://picsum.photos/id/11/500/300,テキストが入ります。テキストが入ります。テキストが入ります。テキストが入ります。テキストが入ります。テキストが入ります。テキストが入ります。
タイトル2,○○会社<br>佐藤 次郎,20,12:00,13:00,economy/technology,https://picsum.photos/id/11/500/300,テキストが入ります。テキストが入ります。テキストが入ります。テキストが入ります。テキストが入ります。テキストが入ります。テキストが入ります。
タイトル3,○○会社<br>吉田 三郎,20,13:00,14:00,environment/technology,https://picsum.photos/id/11/500/300,テキストが入ります。テキストが入ります。テキストが入ります。テキストが入ります。テキストが入ります。テキストが入ります。テキストが入ります。
タイトル4,○○会社<br>飯田 四郎,20,14:00,15:00,business/economy/technology,https://picsum.photos/id/11/500/300,テキストが入ります。テキストが入ります。テキストが入ります。テキストが入ります。テキストが入ります。テキストが入ります。テキストが入ります。
タイトル5,○○会社<br>斎藤 五郎,21,12:00,13:00,business,https://picsum.photos/id/11/500/300,テキストが入ります。テキストが入ります。テキストが入ります。テキストが入ります。テキストが入ります。テキストが入ります。テキストが入ります。
タイトル6,○○会社<br>山田 太郎,21,13:00,14:00,technology,https://picsum.photos/id/11/500/300,テキストが入ります。テキストが入ります。テキストが入ります。テキストが入ります。テキストが入ります。テキストが入ります。テキストが入ります。
タイトル7,○○会社<br>佐藤 次郎,21,14:00,15:00,business/economy,https://picsum.photos/id/11/500/300,テキストが入ります。テキストが入ります。テキストが入ります。テキストが入ります。テキストが入ります。テキストが入ります。テキストが入ります。
タイトル8,○○会社<br>吉田 三郎,21,15:00,16:00,environment/economy,https://picsum.photos/id/11/500/300,テキストが入ります。テキストが入ります。テキストが入ります。テキストが入ります。テキストが入ります。テキストが入ります。テキストが入ります。
タイトル9,○○会社<br>飯田 四郎,21,16:00,17:00,environment/business/technology,https://picsum.photos/id/11/500/300,テキストが入ります。テキストが入ります。テキストが入ります。テキストが入ります。テキストが入ります。テキストが入ります。テキストが入ります。
タイトル10,○○会社<br>斎藤 五郎,22,11:00,12:00,economy,https://picsum.photos/id/11/500/300,テキストが入ります。テキストが入ります。テキストが入ります。テキストが入ります。テキストが入ります。テキストが入ります。テキストが入ります。
タイトル11,○○会社<br>山田 太郎,22,12:00,13:00,environment/economy,https://picsum.photos/id/11/500/300,テキストが入ります。テキストが入ります。テキストが入ります。テキストが入ります。テキストが入ります。テキストが入ります。テキストが入ります。
タイトル12,○○会社<br>佐藤 次郎,22,13:00,14:00,business/technology,https://picsum.photos/id/11/500/300,テキストが入ります。テキストが入ります。テキストが入ります。テキストが入ります。テキストが入ります。テキストが入ります。テキストが入ります。